id,question
0,What is the starting position for doing push-ups?
0,Which muscle groups are activated during push-ups?
0,Is any special equipment required for push-ups?
0,Can you explain how to properly lower myself during a push-up?
0,What body part do push-ups primarily target?
1,What is the correct stance for performing squats?
1,Which muscle groups are primarily worked during squats?
1,How should I position my chest while doing squats?
1,Is any equipment needed to perform this exercise?
1,What type of exercise is a squat classified as?
2,What is the primary position for performing a plank?
2,Which muscle groups are primarily engaged during the plank exercise?
2,Do I need any equipment to perform a plank?
2,What is the ideal alignment of my body while holding a plank?
2,How should my elbows be positioned during a plank?
3,What is the main muscle group activated during the Deadlift exercise?
3,Can you describe the proper stance for performing a Deadlift?
3,What type of equipment is required to do the Deadlift?
3,How should I position my hands when grasping the barbell for the Deadlift?
3,What movement is involved in lifting the barbell during a Deadlift?
4,What equipment do I need to perform bicep curls?
4,Which muscle groups are primarily worked during bicep curls?
4,What is the correct starting position for performing bicep curls?
4,How should I position my elbows while doing bicep curls?
4,Is bicep curls considered a strength exercise?
5,What is the primary purpose of the Kettlebell Swing exercise?
5,Which muscle groups are activated during the Kettlebell Swing?
5,What are the key instructions to perform the Kettlebell Swing correctly?
5,What type of activity is the Kettlebell Swing classified as?
5,What equipment do I need to perform the Kettlebell Swing?
6,What equipment do I need to perform the Shoulder Press exercise?
6,Which muscle groups are primarily activated during the Shoulder Press?
6,Can you explain the proper technique for performing the Shoulder Press?
6,What body part does the Shoulder Press target?
6,Is the Shoulder Press considered a push or pull exercise?
7,What muscles are primarily worked during the Lat Pulldown exercise?
7,How do I properly position myself on the lat pulldown machine?
7,What grip should I use while performing the Lat Pulldown?
7,Can you explain the movement I should perform during this exercise?
7,Is the Lat Pulldown considered a pull or push exercise?
8,What is the primary muscle group targeted during the Hamstring Stretch?
8,Do I need any equipment to perform the Hamstring Stretch?
8,How should I position my body while doing the Hamstring Stretch?
8,What body part does the Hamstring Stretch mainly focus on?
8,What type of activity is the Hamstring Stretch classified as?
9,What is the primary purpose of Jumping Jacks in a workout routine?
9,Which muscle groups are primarily activated during Jumping Jacks?
9,Can I perform Jumping Jacks without any equipment?
9,What are the steps to properly execute a Jumping Jack?
9,Is Jumping Jacks suitable as a warm-up exercise?
10,What position should I be in while performing the bench press?
10,Which equipment do I need for the bench press exercise?
10,What muscles are primarily worked during the bench press?
10,Can you explain the movement involved in the bench press?
10,Is the bench press classified as a push or pull exercise?
11,What step should I take when performing lunges?
11,How should my knees be positioned during lunges?
11,Which muscle groups are primarily targeted by lunges?
11,Do I need any equipment to perform lunges?
11,What type of exercise are lunges classified as?
12,What muscles are primarily activated during pull-ups?
12,How should I grip the pull-up bar when performing the exercise?
12,What is the correct movement to complete a pull-up?
12,Is any equipment needed for doing pull-ups?
12,Which body part does this exercise mainly target?
13,What muscles are primarily targeted during Mountain Climbers?
13,What is the starting position for performing Mountain Climbers?
13,Is any equipment required to perform Mountain Climbers?
13,How should I move my legs while doing Mountain Climbers?
13,What type of exercise are Mountain Climbers classified as?
14,What is the proper starting position for Leg Raises?
14,Which muscle groups are primarily engaged during Leg Raises?
14,How should I position my legs while performing this exercise?
14,Is any equipment required to perform Leg Raises?
14,What is the correct movement for lifting the legs in this exercise?
15,What is the main focus of the tricep dips exercise?
15,What equipment do I need to perform tricep dips?
15,Can you describe how to properly execute tricep dips?
15,Which muscle groups does the tricep dips exercise target?
15,Is tricep dips considered a push or pull exercise?
16,What muscles are primarily targeted by the Russian Twists exercise?
16,Can I perform Russian Twists without any equipment?
16,What is the correct starting position for Russian Twists?
16,How do I execute the twisting motion in Russian Twists?
16,Which body part does Russian Twists primarily work on?
17,What primary muscle groups do burpees target during the exercise?
17,Can you walk me through the proper technique for performing a burpee?
17,What type of exercise is a burpee categorized as in terms of fitness activity?
17,Is any equipment necessary to perform burpees effectively?
17,What body parts are engaged while doing a burpee?
18,What muscle groups are engaged when performing Dumbbell Rows?
18,What is the recommended body position for doing Dumbbell Rows?
18,Is it necessary to use both hands when doing Dumbbell Rows?
18,What type of activity are Dumbbell Rows classified as?
18,What specific equipment do I need to perform Dumbbell Rows?
19,What is the proper form for performing Goblet Squats with a kettlebell?
19,Which muscle groups are primarily activated when doing Goblet Squats?
19,Is the Goblet Squat considered a push or pull exercise?
19,What equipment do I need to perform Goblet Squats?
19,How deep should my squat be when doing Goblet Squats?
20,What equipment do I need to perform the Glute Bridge exercise?
20,Which muscle groups are primarily activated during the Glute Bridge?
20,Can you describe the proper starting position for the Glute Bridge?
20,What is the main body position during the Glute Bridge exercise?
20,Is the Glute Bridge a push or pull type activity?
21,What is the proper way to hold the dumbbell for an Overhead Tricep Extension?
21,Which muscle group is primarily targeted during the Overhead Tricep Extension exercise?
21,Can I perform the Overhead Tricep Extension without using dumbbells?
21,What body part does the Overhead Tricep Extension primarily work on?
21,What are the key steps involved in performing the Overhead Tricep Extension correctly?
22,What body position should I start in for the side plank exercise?
22,Which muscles are primarily activated during the side plank?
22,What equipment do I need to perform the side plank?
22,How should my body be aligned when holding a side plank?
22,What type of exercise is a side plank classified as?
23,What equipment do I need to perform Cable Flyes?
23,Which muscle groups will I be targeting while doing Cable Flyes?
23,Can you describe the starting position for Cable Flyes?
23,Is Cable Flyes considered a push or pull exercise?
23,What is the proper form for bringing my hands together in this exercise?
24,What is the primary body part targeted by Step-Ups?
24,Do I need any equipment to perform Step-Ups?
24,Can you explain the steps to correctly perform Step-Ups?
24,Which muscle groups are activated when doing Step-Ups?
24,Is Step-Ups considered a strength exercise?
25,What muscles are primarily targeted by barbell rows?
25,What is the proper stance for performing barbell rows?
25,How should I position my body while doing barbell rows?
25,What type of exercise is a barbell row classified as?
25,What equipment do I need to perform barbell rows?
26,What are the primary muscle groups targeted by the Chest Press exercise?
26,What equipment do I need to perform the Chest Press?
26,Can you describe the proper form for executing the Chest Press?
26,Is the Chest Press considered a push or pull exercise?
26,What part of the body is mainly worked when doing the Chest Press?
27,What is the primary muscle group targeted by Box Jumps?
27,Is any special equipment required for Box Jumps?
27,How do you properly execute a Box Jump?
27,What type of exercise is Box Jumps classified as?
27,Which body part is mainly engaged during Box Jumps?
28,What is the primary muscle group activated during Hanging Leg Raises?
28,What type of equipment do I need to perform Hanging Leg Raises?
28,Can you describe how to properly perform Hanging Leg Raises?
28,Is Hanging Leg Raises focused on strength training or cardio?
28,Which body part does Hanging Leg Raises primarily target?
29,What muscles are primarily targeted during the Farmer's Walk exercise?
29,What equipment do I need to perform the Farmer's Walk effectively?
29,Can you explain the correct form for maintaining posture while doing the Farmer's Walk?
29,Is the Farmer's Walk more of a strength or cardio exercise?
29,How should I position the dumbbells while walking in the Farmer's Walk?
30,What is the proper stance for performing calf raises?
30,Which muscle group is primarily targeted by calf raises?
30,Do I need any equipment to perform calf raises?
30,How should I position my feet during the exercise?
30,What is the main motion involved in calf raises?
31,What is the primary type of exercise for Battle Ropes?
31,Which muscle groups are targeted when performing Battle Ropes?
31,Can Battle Ropes be classified as both a cardio and strength exercise?
31,What body part does Battle Ropes mainly focus on?
31,What is the correct technique for using Battle Ropes effectively?
32,What type of activity is involved in the Medicine Ball Slams exercise?
32,Which equipment is necessary for performing Medicine Ball Slams?
32,What muscle groups are activated when doing Medicine Ball Slams?
32,Can you describe the technique for performing a Medicine Ball Slam?
32,Is Medicine Ball Slams effective for training the entire body?
33,What equipment do I need to perform the Dumbbell Deadlift?
33,Which muscle groups are primarily worked during the Dumbbell Deadlift?
33,Can you explain the proper stance for the Dumbbell Deadlift?
33,What are the key steps to execute the Dumbbell Deadlift correctly?
33,Is the Dumbbell Deadlift beneficial for strengthening the lower body?
34,What type of exercise is the Push Press?
34,Which muscle groups are primarily worked during the Push Press?
34,What equipment is required to perform the Push Press?
34,Can you describe the steps for executing a Push Press?
34,Which body part does the Push Press mainly target?
35,What type of exercise is a treadmill run classified as?
35,Which equipment do I need to perform a treadmill run?
35,What body parts are primarily involved in a treadmill run?
35,What muscle groups are activated during a treadmill run?
35,Can you provide instructions for performing a treadmill run effectively?
36,What equipment do I need for the Incline Dumbbell Press?
36,Which muscle groups are targeted during the Incline Dumbbell Press?
36,Can you explain how to properly perform the Incline Dumbbell Press?
36,Is the Incline Dumbbell Press considered a push exercise?
36,What body part does the Incline Dumbbell Press primarily work?
37,What is the starting position for Renegade Rows?
37,Which muscle groups are primarily worked during Renegade Rows?
37,Do I need any special equipment to perform Renegade Rows?
37,Is Renegade Rows considered a strength exercise?
37,How do I perform the rowing motion correctly in Renegade Rows?
38,What muscle groups are primarily activated during the leg press exercise?
38,Can you describe the correct seating position on the leg press machine?
38,How should I position my feet when using the leg press?
38,What type of exercise is the leg press considered?
38,What is the primary movement involved in the leg press exercise?
39,What equipment do I need to perform the Cable Tricep Pushdown?
39,Which muscle groups does the Cable Tricep Pushdown primarily target?
39,Can you describe the proper stance for the Cable Tricep Pushdown exercise?
39,What is the correct movement pattern for the Cable Tricep Pushdown?
39,Is the Cable Tricep Pushdown suitable for upper body strength training?
40,What is the main focus of the Single-Leg Deadlift exercise?
40,Which equipment do I need to perform the Single-Leg Deadlift?
40,How do I position my legs and arms during the Single-Leg Deadlift?
40,What muscle groups are worked by the Single-Leg Deadlift?
40,Is the Single-Leg Deadlift considered a strength or cardio exercise?
41,What is the primary muscle group targeted during inverted rows?
41,"Do I need any equipment to perform inverted rows, or can I do them with just my body weight?"
41,What is the proper form for executing an inverted row to avoid injury?
41,Can inverted rows help improve my pull-up strength over time?
41,Are there any modifications for beginners who find inverted rows too challenging?
42,What is the primary focus of the Pallof Press exercise?
42,What equipment do I need for the Pallof Press?
42,How should I position myself when performing the Pallof Press?
42,Which muscles are primarily worked during the Pallof Press?
42,What is the specific movement involved in the Pallof Press?
43,What is the primary muscle group targeted by the Kettlebell Deadlift?
43,What type of exercise is the Kettlebell Deadlift classified as?
43,How should I position my feet when performing a Kettlebell Deadlift?
43,What equipment do I need to perform the Kettlebell Deadlift?
43,Can you describe the initial setup for the Kettlebell Deadlift?
44,What muscles are primarily worked during Hanging Knee Tucks?
44,What is the correct position when performing Hanging Knee Tucks?
44,Do I need any equipment to perform Hanging Knee Tucks?
44,How do I execute the movement for Hanging Knee Tucks?
44,What type of activity are Hanging Knee Tucks classified as?
45,What specific form should I maintain while doing Resistance Band Pull Aparts?
45,How do I effectively target my rear deltoids with this exercise?
45,Are there any common mistakes to avoid when performing Pull Aparts?
45,What benefits do Resistance Band Pull Aparts offer for my upper body strength?
45,Can I increase the resistance level to make the exercise more challenging?
46,What is the proper stance for performing Bulgarian Split Squats?
46,Which muscles are significantly targeted during this exercise?
46,Is any equipment required to perform Bulgarian Split Squats effectively?
46,How should I position my back foot while doing this exercise?
46,What range of motion should I aim for when lowering my hips?
47,What type of exercise is the Seated Shoulder Press?
47,Which equipment do I need for the Seated Shoulder Press?
47,What specific muscles does the Seated Shoulder Press target?
47,Can you explain the initial position for the Seated Shoulder Press?
47,What is the correct movement for completing the Seated Shoulder Press?
48,What equipment do I need for incline push-ups?
48,Which muscle groups are targeted by incline push-ups?
48,Can you explain how to properly perform incline push-ups?
48,What body part do incline push-ups primarily work on?
48,Is incline push-ups a type of strength training exercise?
49,What equipment do I need to perform hip thrusts?
49,Which muscles are primarily activated during hip thrusts?
49,What is the correct body position for hip thrusts?
49,How do I execute the hip thrust movement properly?
49,Is hip thrusts a push or pull type of exercise?
50,What is the primary muscle group targeted during the Barbell Curl exercise?
50,Can you describe the grip type used when performing a Barbell Curl?
50,What posture should I maintain while standing to execute the Barbell Curl correctly?
50,Is the Barbell Curl exercise considered a pulling movement or a pushing movement?
50,What equipment do I need to perform the Barbell Curl effectively?
51,What type of exercise is the Cable Row?
51,Which equipment do I need for the Cable Row exercise?
51,What body part does the Cable Row primarily target?
51,Can you explain how to perform the Cable Row properly?
51,Which muscle groups does the Cable Row activate?
52,What is the proper starting position for the Plank Shoulder Taps exercise?
52,Which muscle groups are primarily activated during Plank Shoulder Taps?
52,How do I maintain stability while performing the Plank Shoulder Taps?
52,Is any equipment required to perform Plank Shoulder Taps?
52,What type of exercise is Plank Shoulder Taps classified as?
53,What is the name of the exercise that targets the deltoids using dumbbells?
53,What type of activity is the Dumbbell Lateral Raise categorized as?
53,What specific body part does the Dumbbell Lateral Raise primarily work on?
53,Can you describe the proper stance for performing a Dumbbell Lateral Raise?
53,What instruction should I follow for raising my arms during the exercise?
54,What is the proper technique for performing a Wall Sit exercise?
54,Which muscle groups are primarily activated during a Wall Sit?
54,What body part does the Wall Sit primarily target?
54,How long should I hold the Wall Sit position for effective results?
54,Do I need any equipment to perform the Wall Sit exercise?
55,What is the main body part targeted by the Spider Plank exercise?
55,What muscle groups are activated during the Spider Plank?
55,How do you perform the Spider Plank step by step?
55,Is any equipment necessary for the Spider Plank?
55,What type of exercise is the Spider Plank classified as?
56,What is the correct stance for performing a Sumo Deadlift?
56,Which muscles are primarily worked during the Sumo Deadlift?
56,How should I grip the barbell in relation to my knees?
56,What type of equipment do I need for the Sumo Deadlift?
56,What is the main movement pattern involved in this exercise?
57,What is the primary exercise for targeting the upper body muscle groups?
57,Which muscle groups are primarily engaged during the Single Arm Dumbbell Row?
57,How should I position my body when performing this exercise?
57,What type of equipment do I need for the Single Arm Dumbbell Row?
57,What is the movement pattern involved in this strength exercise?
58,What muscles does the Kettlebell Clean and Press target?
58,Can you explain the correct form for swinging the kettlebell?
58,"Is this exercise suitable for beginners, or should I have prior experience?"
58,How many repetitions should I aim for during a workout session?
58,What are the benefits of including the Kettlebell Clean and Press in my routine?
59,What is the primary type of activity for Jump Rope?
59,Which muscle groups are primarily activated when jumping rope?
59,What equipment do I need for this exercise?
59,Can you explain the proper technique for jumping rope?
59,Is Jump Rope a full body workout?
60,What is the primary muscle group targeted by the Side Lunge exercise?
60,Can the Side Lunge be performed without any equipment?
60,What motion is involved in executing a Side Lunge?
60,Which body part does the Side Lunge primarily strengthen?
60,Is the Side Lunge categorized under strength training or cardio?
61,What is the primary muscle group targeted by the Machine Chest Fly?
61,Can you describe the correct starting position for the Machine Chest Fly?
61,What type of equipment is used for the Machine Chest Fly exercise?
61,Is the Machine Chest Fly considered a push or pull exercise?
61,What body part does the Machine Chest Fly work on?
62,What is the primary muscle group targeted by the Hack Squat exercise?
62,Which type of equipment is required to perform the Hack Squat?
62,Can you describe the main steps involved in performing a Hack Squat?
62,Is the Hack Squat considered a strength training exercise?
62,Which body part does the Hack Squat primarily focus on during the workout?
63,What is the primary muscle group targeted by decline push-ups?
63,How should I position my body to perform a decline push-up correctly?
63,Is any equipment required to perform decline push-ups?
63,What type of exercise are decline push-ups classified as?
63,What specific body part do decline push-ups mainly strengthen?
64,What type of equipment do I need for the Band Face Pull exercise?
64,Which muscle groups does the Band Face Pull primarily target?
64,How should I position the resistance band before starting the Band Face Pull?
64,What is the correct movement technique for the Band Face Pull?
64,Is the Band Face Pull focused on pushing or pulling actions?
65,What is the primary muscle group worked during the Ab Wheel Rollout?
65,Do I need any special equipment for the Ab Wheel Rollout?
65,Can you describe the starting position for performing the Ab Wheel Rollout?
65,Is the Ab Wheel Rollout primarily a strength or cardio exercise?
65,What should I focus on while rolling the ab wheel forward?
66,What is the primary muscle group activated during Side Leg Raises?
66,Can Side Leg Raises be performed without any equipment?
66,What is the correct starting position for executing Side Leg Raises?
66,How should I position my legs while doing Side Leg Raises?
66,Is the Side Leg Raise considered a mobility exercise?
67,What is the primary muscle group activated during the Romanian Deadlift?
67,Can I perform the Romanian Deadlift with a different type of equipment than a barbell?
67,What is the proper form for executing the Romanian Deadlift?
67,Is the Romanian Deadlift considered a pulling or a pushing exercise?
67,Which body part is primarily targeted when doing a Romanian Deadlift?
68,What muscles are primarily targeted by the Arnold Press?
68,Can you describe the correct hand position during the exercise?
68,What type of equipment do I need for the Arnold Press?
68,What is the initial position of the dumbbells before starting the press?
68,Is the Arnold Press considered a pushing exercise?
69,What is the primary body part targeted by the Landmine Press exercise?
69,Can you explain the correct form for performing the Landmine Press?
69,Which muscle groups are activated while doing the Landmine Press?
69,What type of equipment do I need to perform the Landmine Press?
69,Is the Landmine Press considered a pushing exercise?
70,What are Tuck Jumps and what muscles do they target?
70,How do you properly perform a Tuck Jump?
70,What type of equipment is needed for Tuck Jumps?
70,Can Tuck Jumps be classified as both a cardio and strength exercise?
70,Which body part is primarily engaged during Tuck Jumps?
71,What is the starting position for the Windshield Wipers exercise?
71,Which muscle groups are primarily targeted during Windshield Wipers?
71,How should I move my legs while performing the Windshield Wipers?
71,Is any equipment needed for the Windshield Wipers exercise?
71,What type of exercise is Windshield Wipers categorized as?
72,What is the primary muscle group targeted when performing Dumbbell Shrugs?
72,Can you describe the starting position for Dumbbell Shrugs?
72,What type of activity is Dumbbell Shrugs categorized under?
72,How should I perform the shoulder movement during Dumbbell Shrugs?
72,What equipment do I need to do Dumbbell Shrugs?
73,What type of equipment is required for the Sled Push exercise?
73,Which muscle groups are primarily engaged when performing the Sled Push?
73,"Can you describe the proper form for the Sled Push, including any key posture points?"
73,"What type of activity does the Sled Push fall under, cardio or strength?"
73,"Is the Sled Push effective for full body workouts, and if so, how?"
74,What type of exercise is the Cable Bicep Curl considered?
74,Which equipment is required to perform the Cable Bicep Curl?
74,What specific muscle groups are targeted when doing the Cable Bicep Curl?
74,Can you describe how to properly execute the Cable Bicep Curl?
74,What body part does the Cable Bicep Curl primarily focus on?
75,What is the primary muscle group worked during the Dumbbell Kickback exercise?
75,What type of exercise classification does the Dumbbell Kickback fall under?
75,Can you explain the steps involved in performing a Dumbbell Kickback correctly?
75,Which body part is primarily engaged when doing the Dumbbell Kickback?
75,What equipment do I need to perform the Dumbbell Kickback exercise?
76,What is the correct starting position for performing Flutter Kicks?
76,Which muscle groups are primarily targeted by Flutter Kicks?
76,Do I need any equipment to perform Flutter Kicks?
76,How should my legs be positioned during the exercise?
76,What is the main focus of the Flutter Kicks movement?
77,What is the primary purpose of the High Knees exercise?
77,Which muscle groups are activated when performing High Knees?
77,Do I need any equipment to perform High Knees?
77,How should I position my knees during the exercise?
77,Is High Knees considered a cardio activity?
78,What type of exercise are Sledgehammer Slams classified as?
78,Which muscle groups are primarily activated during Sledgehammer Slams?
78,What equipment do I need to perform Sledgehammer Slams?
78,Can you provide me with the instructions for executing Sledgehammer Slams?
78,What body parts are worked when doing Sledgehammer Slams?
79,What is the correct way to perform a Lateral Step-Up exercise?
79,Which muscle groups are primarily targeted during Lateral Step-Ups?
79,"Is any equipment needed for Lateral Step-Ups, or can I do them with just my body weight?"
79,How does the Lateral Step-Up work my lower body specifically?
79,Is this exercise classified under strength training or another type of workout?
80,What is the correct position to start the Cable Chest Press?
80,Which muscles are primarily targeted during the Cable Chest Press?
80,What type of exercise is the Cable Chest Press classified as?
80,What equipment do I need to perform the Cable Chest Press?
80,Can you explain the movement involved in the Cable Chest Press?
81,What specific muscles are activated when performing TRX Rows?
81,Can you describe the proper body position for TRX Rows?
81,What type of exercise is TRX Rows classified as?
81,What is the primary action involved in the TRX Rows exercise?
81,Is there any specific equipment required for performing TRX Rows?
82,What equipment do I need for the Medicine Ball Russian Twists?
82,Which muscle groups are activated during this exercise?
82,How should I position my body while performing the twists?
82,Can you explain the tapping motion with the medicine ball?
82,Is this exercise primarily targeting the core or other areas?
83,What muscles does the Pendlay Row primarily target?
83,Can I perform the Pendlay Row with a different type of equipment?
83,What is the proper form to follow while executing the Pendlay Row?
83,How does the Pendlay Row compare to other rowing exercises?
83,What are the benefits of including Pendlay Rows in my strength training routine?
84,What is the main focus of the Side Plank with Leg Lift exercise?
84,Which muscle groups are primarily targeted when performing this exercise?
84,What position should I be in to start the Side Plank with Leg Lift?
84,Do I need any equipment for the Side Plank with Leg Lift?
84,Can you explain the movement I need to perform during the exercise?
85,What is the primary muscle group targeted by the hip abduction exercise?
85,Can you explain how to properly perform the hip abduction on the machine?
85,Is the hip abduction exercise considered a type of push activity?
85,What body part is primarily engaged during the hip abduction exercise?
85,What type of exercise equipment is needed for performing hip abduction?
86,What muscles does the Dumbbell Front Raise target?
86,What position should my palms be in during the exercise?
86,How high do I need to raise my arms when performing this exercise?
86,What type of exercise is the Dumbbell Front Raise classified as?
86,What equipment do I need to perform the Dumbbell Front Raise?
87,What is the correct grip for performing chin-ups?
87,How do I know when to stop pulling myself up during chin-ups?
87,Which muscle groups are primarily worked by chin-ups?
87,"Do I need any equipment to do chin-ups, or can I use my bodyweight?"
87,Can you describe the proper technique for lowering myself after a chin-up?
88,What equipment do I need for the Box Squat exercise?
88,Which muscle groups are primarily worked during the Box Squat?
88,Can you explain the proper form for performing a Box Squat?
88,Is the Box Squat considered a strength training exercise?
88,What body part does the Box Squat target?
89,What are Battle Rope Waves and how do I perform them?
89,Which muscle groups are engaged when doing Battle Rope Waves?
89,Is Battle Rope Waves more of a cardio or strength exercise?
89,What type of equipment do I need for Battle Rope Waves?
89,What body parts are primarily worked during Battle Rope Waves?
90,What is the correct position for holding the barbell during a Zercher Squat?
90,Which muscle groups are primarily worked during the Zercher Squat?
90,How low should I squat to ensure proper form in a Zercher Squat?
90,What type of equipment do I need to perform a Zercher Squat?
90,Is the Zercher Squat classified as a push or pull exercise?
91,What is the primary muscle group targeted by walking lunges?
91,Can walking lunges be performed without any equipment?
91,What is the correct technique for stepping into a lunge?
91,Which body part is primarily engaged during walking lunges?
91,Is it necessary to do walking lunges as a strength exercise?
92,What is the primary exercise being performed?
92,Which equipment is required for the Kettlebell Snatch?
92,What body parts are primarily engaged during this exercise?
92,Can you describe the movement sequence for performing the Kettlebell Snatch?
92,What type of physical activity does the Kettlebell Snatch fall under?
93,What is the primary exercise being performed in this routine?
93,Which body part does the Single-Leg Glute Bridge primarily target?
93,What type of equipment is necessary to perform this exercise?
93,Can you explain the correct starting position for the Single-Leg Glute Bridge?
93,Which muscle groups are engaged while performing this exercise?
94,What is the correct setup for performing TRX Push-Ups?
94,Which muscle groups are primarily engaged during TRX Push-Ups?
94,How should my body be positioned while doing TRX Push-Ups?
94,Is there any specific equipment required for TRX Push-Ups?
94,What type of exercise are TRX Push-Ups classified as?
95,"What type of exercise is the Machine Leg Curl, and how does it classify in terms of movement?"
95,Which muscle groups are primarily worked during the Machine Leg Curl?
95,Can you describe the steps involved in performing the Machine Leg Curl?
95,What equipment do I need to use for the Machine Leg Curl exercise?
95,In what part of the body does the Machine Leg Curl primarily focus?
96,What muscles does the Incline Bench Press primarily work on?
96,What position should I be in during the Incline Bench Press?
96,What equipment is needed to perform the Incline Bench Press?
96,Is the Incline Bench Press a push or pull exercise?
96,Can you describe how to properly execute the Incline Bench Press?
97,What is the name of the exercise that primarily targets the glutes and hamstrings?
97,What type of equipment do I need to perform the Resistance Band Deadlift?
97,Which body parts are primarily engaged during the Resistance Band Deadlift?
97,Can you describe the proper stance for performing the Resistance Band Deadlift?
97,What are the essential steps to lift the band off the ground during this exercise?
98,What equipment do I need for the Decline Bench Press?
98,Which muscle groups are worked during the Decline Bench Press?
98,Can you provide the steps involved in performing the Decline Bench Press?
98,What part of the body does the Decline Bench Press primarily target?
98,Is the Decline Bench Press considered a push exercise?
99,What equipment do I need for the Dumbbell Step-Up exercise?
99,Which muscle groups are targeted when performing the Dumbbell Step-Up?
99,Can you explain the proper technique for doing a Dumbbell Step-Up?
99,Is the Dumbbell Step-Up considered a push or pull exercise?
99,Which body part does the Dumbbell Step-Up primarily work on?
100,What equipment do I need to perform a Cable Lateral Raise?
100,Which muscle groups are primarily worked during the Cable Lateral Raise?
100,Can you describe the proper form for the Cable Lateral Raise?
100,Is the Cable Lateral Raise classified as a push or pull exercise?
100,What body part is primarily targeted when doing the Cable Lateral Raise?
101,What is the correct technique for performing a Reverse Lunge?
101,Which muscle groups are targeted when doing a Reverse Lunge?
101,Is any equipment needed to perform the Reverse Lunge?
101,What part of the body does the Reverse Lunge primarily work on?
101,Is the Reverse Lunge classified as a strength or cardio exercise?
102,What is the proper starting position for toe touches?
102,Which muscle groups are engaged during toe touches?
102,Do I need any equipment to perform toe touches?
102,How should I position my legs while doing this exercise?
102,What is the primary focus of toe touches in terms of body part?
103,What is the primary muscle group activated during the Machine Leg Extension exercise?
103,Can you explain the correct starting position for performing the Machine Leg Extension?
103,Is the Machine Leg Extension classified as a push or pull exercise?
103,Which piece of equipment do I need to perform the Machine Leg Extension?
103,What type of activity does the Machine Leg Extension fall under?
104,What muscles are primarily worked during the Dumbbell Pullover?
104,What equipment do I need to perform a Dumbbell Pullover?
104,Can you explain the proper starting position for the Dumbbell Pullover?
104,Is the Dumbbell Pullover considered a pulling exercise?
104,Which part of the body does the Dumbbell Pullover target?
105,What is the primary muscle group targeted by the Barbell Shrug exercise?
105,Can you explain the proper stance for performing the Barbell Shrug?
105,What equipment do I need to perform the Barbell Shrug effectively?
105,What is the correct technique for shrugging my shoulders during this exercise?
105,Is the Barbell Shrug considered a strength training exercise?
106,What type of exercise is a T-Bar Row and what does it primarily target?
106,What equipment do I need to perform the T-Bar Row?
106,Could you provide a step-by-step guide on how to execute the T-Bar Row correctly?
106,Which muscle groups are activated when performing the T-Bar Row?
106,What stance should I take while doing the T-Bar Row?
107,What equipment do I need to perform the Bulgarian Deadlift?
107,Which body parts are primarily targeted by the Bulgarian Deadlift?
107,Can you describe the proper stance for the Bulgarian Deadlift?
107,What muscles are activated when performing the Bulgarian Deadlift?
107,Is the Bulgarian Deadlift considered a strength exercise?
108,What muscles does the pistol squat primarily target?
108,Can you describe the main steps involved in performing a pistol squat?
108,Is any equipment needed for the pistol squat exercise?
108,What body part does the pistol squat focus on?
108,Is the pistol squat classified as a strength or cardio exercise?
109,What is the primary target muscle for the Seated Leg Curl exercise?
109,Can you explain how to properly position myself on the leg curl machine?
109,What movement should I perform during the Seated Leg Curl?
109,Is this exercise suitable for strengthening my hamstrings?
109,Does the Seated Leg Curl require any special equipment beyond the machine?
110,What type of activity is the Russian Kettlebell Swing considered?
110,Which equipment do I need for performing the Russian Kettlebell Swing?
110,What body parts does the Russian Kettlebell Swing target?
110,Can you explain how to correctly execute the Russian Kettlebell Swing?
110,What muscle groups are activated during the Russian Kettlebell Swing?
111,What is the primary muscle group targeted by the Incline Dumbbell Curl?
111,What equipment do I need to perform the Incline Dumbbell Curl?
111,Can you describe the steps to properly execute the Incline Dumbbell Curl?
111,Is the Incline Dumbbell Curl mainly for upper or lower body strength?
111,What type of exercise is the Incline Dumbbell Curl classified as?
112,What is the primary body part targeted by decline sit-ups?
112,Can you describe how to perform decline sit-ups correctly?
112,What muscle groups are activated during decline sit-ups?
112,Do I need any equipment besides a decline bench for this exercise?
112,What type of exercise are decline sit-ups classified as?
113,What is the primary exercise involved in side plank dips?
113,Which equipment is required to perform side plank dips?
113,What specific body parts does the side plank dip target?
113,Can you describe the movement involved in performing side plank dips?
113,Which muscle groups are activated during side plank dips?
114,What type of exercise is the Single Arm Kettlebell Swing considered to be?
114,Which equipment do I need to perform the Single Arm Kettlebell Swing?
114,What body part does the Single Arm Kettlebell Swing primarily target?
114,What specific muscle groups are activated during the Single Arm Kettlebell Swing?
114,Can you describe the proper technique for performing the Single Arm Kettlebell Swing?
115,What muscle groups are primarily worked during Jumping Squats?
115,How should I properly execute the motion of Jumping Squats?
115,Do I need any equipment to perform Jumping Squats?
115,Is Jumping Squats more of a cardio or strength exercise?
115,What lower body parts benefit the most from doing Jumping Squats?
116,What is the primary muscle group worked during the Cable Chest Fly exercise?
116,Can you describe the setup needed for the Cable Chest Fly?
116,What motion should I follow while performing the Cable Chest Fly?
116,"Is the Cable Chest Fly considered a strength exercise, and what type of activity is it?"
116,Which body part does the Cable Chest Fly primarily target?
117,What is the correct way to hold the dumbbell during the Dumbbell Tricep Extension?
117,Which muscle group is primarily targeted by the Dumbbell Tricep Extension exercise?
117,Can you describe the movement involved in the Dumbbell Tricep Extension?
117,What type of equipment do I need for the Dumbbell Tricep Extension?
117,Is the Dumbbell Tricep Extension considered a push or pull exercise?
118,What position should I be in while using the leg curl machine?
118,Which muscle groups are primarily activated during the leg curl exercise?
118,How do I properly execute the leg curl movement?
118,What type of equipment do I need to perform the leg curl exercise?
118,Is the leg curl classified as a push or pull exercise?
119,What is the starting position for the One-Arm Push-Up exercise?
119,Which muscle groups are primarily engaged during the One-Arm Push-Up?
119,How do you properly lower your body in the One-Arm Push-Up?
119,What type of exercise is the One-Arm Push-Up categorized as?
119,Do you need any equipment for performing a One-Arm Push-Up?
120,What muscles are primarily worked during the Machine Shoulder Press?
120,Can you describe how to properly perform the Machine Shoulder Press?
120,Is the Machine Shoulder Press suitable for beginners?
120,What type of equipment is needed for the Machine Shoulder Press?
120,Which body part is targeted by the Machine Shoulder Press?
121,What are the proper foot positioning and stance for performing a sumo squat?
121,Which muscle groups are primarily engaged during the sumo squat exercise?
121,Can the sumo squat be performed without any equipment?
121,What is the correct depth to lower my hips when executing a sumo squat?
121,"Is the sumo squat considered a push exercise, and if so, why?"
122,What is the main muscle group targeted by the Resistance Band Squat?
122,How should I position the resistance band for this exercise?
122,What body part does the Resistance Band Squat primarily work on?
122,What type of exercise is the Resistance Band Squat classified as?
122,Can you describe the correct form for performing a Resistance Band Squat?
123,What is the primary equipment needed for the One-Legged Squat exercise?
123,Which muscle groups are targeted when performing a One-Legged Squat?
123,Can you describe the starting position for the One-Legged Squat?
123,What is the correct form for lowering into the squat during the One-Legged Squat?
123,How do you return to the starting position after completing the One-Legged Squat?
124,What equipment do I need to perform the Landmine Row exercise?
124,Which muscle groups are primarily targeted when doing the Landmine Row?
124,Can you describe the basic instructions for performing a Landmine Row?
124,Is the Landmine Row considered a strength exercise or a cardio exercise?
124,What body part does the Landmine Row primarily focus on?
125,What is the main focus of the Superman Exercise?
125,Do I need any equipment to perform the Superman Exercise?
125,What specific body parts are targeted by this exercise?
125,Can you explain how to properly execute the Superman Exercise?
125,Is this exercise primarily for strength or endurance?
126,What position should I be in when performing Dumbbell Flyes?
126,How do I properly lower the weights during the Dumbbell Flyes exercise?
126,Which muscle group is primarily activated by Dumbbell Flyes?
126,Do I need any special equipment for doing Dumbbell Flyes?
126,Is Dumbbell Flyes considered a push exercise?
127,What is the primary muscle group targeted by the Reverse Fly exercise?
127,Can you explain the proper stance for performing the Reverse Fly exercise?
127,Which type of equipment is required to perform the Reverse Fly?
127,What body part does the Reverse Fly primarily work on?
127,What position should the dumbbells be in when raised during the Reverse Fly?
128,What equipment do I need for Cable Kickbacks?
128,Which body parts are targeted by the Cable Kickbacks exercise?
128,Can you describe the starting position for performing Cable Kickbacks?
128,Is there a specific form I should maintain when executing the kickback?
128,What muscle groups are mainly activated during Cable Kickbacks?
129,What is the correct starting position for the Kettlebell Push Press?
129,Which muscle groups are primarily worked during the Kettlebell Push Press?
129,How do I perform the Kettlebell Push Press safely?
129,Do I need to use both arms for the Kettlebell Push Press?
129,Can the Kettlebell Push Press help improve my shoulder strength?
130,What is the main purpose of the Dead Bug exercise?
130,Which body parts are primarily targeted by this exercise?
130,Do I need any equipment to perform the Dead Bug exercise?
130,What position should I start in before lowering my arm and leg?
130,How should I maintain my back during the Dead Bug exercise?
131,What muscles are primarily worked during the Smith Machine Squat?
131,Can you provide a step-by-step guide on how to perform the Smith Machine Squat?
131,What are the key safety tips to keep in mind while using the Smith Machine for squats?
131,"Is the Smith Machine Squat suitable for beginners, and are there any modifications for them?"
131,How does the Smith Machine Squat compare to free weight squats in terms of muscle activation?
132,What is the primary focus of the Reverse Hyperextension exercise?
132,Which equipment is used for performing Reverse Hyperextension?
132,What body part does the Reverse Hyperextension primarily target?
132,Can you describe the correct position to start the Reverse Hyperextension?
132,What muscle groups are activated during the Reverse Hyperextension?
133,What is the primary muscle group targeted by the Landmine Twist exercise?
133,How is the Landmine Twist performed using equipment?
133,Can the Landmine Twist improve core strength and stability?
133,What type of movement does the Landmine Twist involve?
133,Is the Landmine Twist suitable for beginners in strength training?
134,What type of exercise is the Machine Row and what equipment is used?
134,Which body part does the Machine Row primarily target?
134,Can you explain the steps involved in performing the Machine Row correctly?
134,What muscle groups are activated during the Machine Row exercise?
134,Is the Machine Row considered a pull-type activity and what is its impact on upper body strength?
135,What type of exercise is the Seated Calf Raise?
135,Which equipment is needed for the Seated Calf Raise?
135,Which part of the body does the Seated Calf Raise target?
135,Can you describe the steps to perform the Seated Calf Raise?
135,What muscle group does the Seated Calf Raise activate?
136,What is the primary muscle group worked during the Kettlebell Windmill exercise?
136,How should I position the kettlebell when performing the Kettlebell Windmill?
136,What body part does the Kettlebell Windmill primarily target?
136,Is the Kettlebell Windmill classified as a strength exercise or a cardio exercise?
136,Which equipment is needed to perform the Kettlebell Windmill?
137,What muscles are activated during the Incline Barbell Bench Press?
137,What type of exercise is the Incline Barbell Bench Press classified as?
137,How should I position myself on the incline bench for this exercise?
137,What equipment do I need to perform the Incline Barbell Bench Press?
137,What is the proper technique for pressing the barbell during this exercise?
138,What is the Kettlebell Goblet Squat and how do I perform it?
138,Which muscle groups are primarily activated when doing the Kettlebell Goblet Squat?
138,Do I need any specific equipment for the Kettlebell Goblet Squat?
138,Is the Kettlebell Goblet Squat classified as a strength exercise?
138,What body parts are targeted in the Kettlebell Goblet Squat?
139,What equipment do I need for Dumbbell Thrusters?
139,Which body parts are targeted during Dumbbell Thrusters?
139,Can you outline the steps for performing Dumbbell Thrusters?
139,Is this exercise classified as strength training or cardio?
139,What muscles are mainly activated when doing Dumbbell Thrusters?
140,What type of exercise is the Lying Leg Curl?
140,Which muscle group is primarily targeted by the Lying Leg Curl?
140,What position should I be in when performing the Lying Leg Curl?
140,What equipment do I need to perform the Lying Leg Curl?
140,How do I perform the Lying Leg Curl correctly?
141,What is the primary muscle group targeted by the Dumbbell Hammer Curl?
141,Can you describe the starting position for performing the Dumbbell Hammer Curl?
141,What type of grip should I use while doing the Dumbbell Hammer Curl?
141,Is the Dumbbell Hammer Curl considered a strength exercise?
141,Which body part is primarily involved during the Dumbbell Hammer Curl?
142,What equipment do I need to perform the Landmine Squat Press?
142,Which muscle groups are targeted during the Landmine Squat Press?
142,Can you explain the technique for the Landmine Squat Press?
142,Is the Landmine Squat Press suitable for a full-body workout?
142,Which movement type is the Landmine Squat Press classified under?
143,What is the proper stance for performing a Zottman Curl?
143,How should I hold the dumbbells during the exercise?
143,Which muscles are primarily engaged when doing the Zottman Curl?
143,What is the sequence of movements involved in the Zottman Curl?
143,Is a supinated grip used throughout the entire exercise?
144,What equipment do I need to perform the Cable Crunch exercise?
144,Which body part is primarily targeted by the Cable Crunch?
144,How should I position my body when doing the Cable Crunch?
144,What is the main muscle group activated during the Cable Crunch?
144,What action should I focus on while crunching down in the Cable Crunch?
145,What is the Stability Ball Pike exercise primarily targeting in the body?
145,What type of equipment do I need for the Stability Ball Pike?
145,Can you explain how to perform the Stability Ball Pike correctly?
145,Which muscle groups are activated during the Stability Ball Pike?
145,Is the Stability Ball Pike considered a strength or cardio exercise?
146,What specific body part does the Standing Calf Raise target?
146,What type of equipment do I need to perform the Standing Calf Raise?
146,Can you explain the proper instructions for performing the Standing Calf Raise?
146,Is the Standing Calf Raise considered a strength or cardio exercise?
146,What muscle groups are activated during the Standing Calf Raise?
147,What is the correct stance when performing the Cable Kickback?
147,Which muscle group is primarily targeted by the Cable Kickback exercise?
147,How should I position the cable machine for the Cable Kickback?
147,What type of motion is involved in the Cable Kickback?
147,Can you explain the step-by-step process for executing a Cable Kickback?
148,What is the starting position for Spider Push-Ups?
148,Which muscle groups are primarily worked during Spider Push-Ups?
148,How should I position my knees while performing this exercise?
148,Is any equipment needed for Spider Push-Ups?
148,What type of exercise are Spider Push-Ups classified as?
149,What equipment do I need for the Resistance Band Chest Press?
149,Which muscle groups are primarily worked during the Resistance Band Chest Press?
149,Can you provide the steps to perform the Resistance Band Chest Press correctly?
149,What body part is specifically targeted by the Resistance Band Chest Press?
149,Is the Resistance Band Chest Press a pushing or pulling exercise?
150,What equipment do I need to perform the One-Arm Dumbbell Row?
150,Which part of the body does the One-Arm Dumbbell Row primarily target?
150,Can you describe the proper stance for the One-Arm Dumbbell Row?
150,What muscle groups are activated during the One-Arm Dumbbell Row?
150,Is the One-Arm Dumbbell Row considered a strength exercise?
151,What is the proper position for performing the Incline Chest Press?
151,Which muscles are primarily targeted during the Incline Chest Press exercise?
151,What equipment do I need to perform the Incline Chest Press?
151,Can the Incline Chest Press help build my upper body strength?
151,What are the steps to correctly perform the Incline Chest Press with dumbbells?
152,What is the primary muscle group worked during the Machine Preacher Curl exercise?
152,Can you explain the setup for using the preacher curl machine?
152,What type of activity does the Machine Preacher Curl fall under?
152,How should I position my arms when performing this exercise?
152,Is the Machine Preacher Curl primarily a pushing or pulling movement?
153,What muscles are primarily targeted during Hanging Knee Raises?
153,How should I position my body when performing Hanging Knee Raises?
153,Is any equipment required for Hanging Knee Raises or can they be done using body weight?
153,What type of exercise is Hanging Knee Raises classified as?
153,What is the correct motion for performing Hanging Knee Raises?
154,What is the proper setup for performing the Decline Dumbbell Press?
154,Which muscle groups are primarily worked during the Decline Dumbbell Press?
154,Can I use different weights for each dumbbell while doing this exercise?
154,What is the correct motion for pressing the dumbbells in this exercise?
154,Is this exercise suitable for beginners or should I have prior experience?
155,What is the starting position for the Glute Kickback exercise?
155,Which muscle groups are primarily activated during the Glute Kickback?
155,Do I need any equipment to perform the Glute Kickback?
155,How should I feel at the top of the movement in the Glute Kickback?
155,What type of exercise is the Glute Kickback categorized as?
156,What is the machine chest press primarily targeting in the upper body?
156,What muscles are activated during the machine chest press exercise?
156,Can you describe the proper position to start the machine chest press?
156,What type of workout is the machine chest press classified under?
156,How should I position my feet while using the chest press machine?
157,What is the correct starting position for the Single-Leg Squat exercise?
157,Which muscle groups are primarily engaged during the Single-Leg Squat?
157,How should I position my extended leg while doing the Single-Leg Squat?
157,What is the goal of the movement in the Single-Leg Squat exercise?
157,Is any special equipment required to perform a Single-Leg Squat?
158,What is the starting position for performing a Push-Up to Row?
158,Which equipment do I need for the Push-Up to Row exercise?
158,What are the primary muscle groups targeted when doing the Push-Up to Row?
158,Can you explain the movements involved in the Push-Up to Row?
158,Is the Push-Up to Row classified as a push or pull exercise?
159,What is the primary muscle group targeted by the Smith Machine Row?
159,Can you describe the positioning of my feet during the Smith Machine Row?
159,What action should I take with my torso while performing the Smith Machine Row?
159,Which piece of equipment do I need to perform the Smith Machine Row?
159,Is this exercise primarily for strength training or another type of activity?
160,What type of exercise is the Lat Pullover?
160,Which equipment do I need to perform the Lat Pullover?
160,What muscle groups does the Lat Pullover target?
160,Can you describe how to execute the Lat Pullover?
160,Which body part is primarily worked during the Lat Pullover?
161,What equipment do I need to perform the Smith Machine Shoulder Press?
161,Which muscle groups are primarily worked during the Smith Machine Shoulder Press?
161,What is the correct starting position for the Smith Machine Shoulder Press?
161,How should I execute the lift to ensure my arms are fully extended?
161,Is the Smith Machine Shoulder Press classified as a strength exercise?
162,What is the primary muscle group targeted during the Cable Woodchopper exercise?
162,Can you explain the setup for the Cable Woodchopper using the cable machine?
162,Which body part does the Cable Woodchopper primarily engage?
162,What type of movement does the Cable Woodchopper involve?
162,How do I properly execute the chopping motion in the Cable Woodchopper?
163,What is the primary muscle group targeted by the Machine Back Extension?
163,Which body part does the Machine Back Extension primarily focus on?
163,What is the starting position for the Machine Back Extension exercise?
163,How should I position my feet during the Machine Back Extension?
163,What movement do I perform to complete the Machine Back Extension?
164,What muscles do I engage when performing the Prone Leg Curl?
164,How should I position my body on the leg curl machine?
164,What is the proper movement for the Prone Leg Curl exercise?
164,Is the Prone Leg Curl considered a strength exercise?
164,What body part is primarily targeted by the Prone Leg Curl?
165,What muscles are primarily targeted during the Seated Dumbbell Press?
165,What is the starting position for the Seated Dumbbell Press?
165,Is the Seated Dumbbell Press considered a push exercise?
165,What equipment do I need for the Seated Dumbbell Press?
165,How should I position the dumbbells before starting the press?
166,What is the correct starting position for the Weighted Plank exercise?
166,Which muscle groups are primarily targeted by the Weighted Plank?
166,How should I position the weight plate during the exercise?
166,What is the main goal of holding the Weighted Plank position?
166,Is the Weighted Plank considered a strength training exercise?
167,What type of exercise is the Step Mill considered?
167,Which body parts are primarily targeted when using the Step Mill?
167,Can you describe how to perform the Step Mill exercise correctly?
167,What muscle groups does the Step Mill activate during the workout?
167,Is the Step Mill a suitable exercise for improving cardiovascular fitness?
168,What is the primary muscle group worked during the Standing Resistance Band Row?
168,How should I position my elbows while performing this exercise?
168,What type of equipment do I need for the Standing Resistance Band Row?
168,Can you explain how to properly set up the resistance band for this exercise?
168,Is this exercise primarily for the upper body or lower body?
169,What equipment do I need for the Dumbbell Lunge exercise?
169,Which muscles are activated when performing Dumbbell Lunges?
169,Can you describe the proper form for doing a Dumbbell Lunge?
169,How do I perform the Dumbbell Lunge starting position?
169,Is the Dumbbell Lunge considered a strength or cardio exercise?
170,What is the primary muscle group targeted by the Reverse Curl exercise?
170,How should I position my feet while performing the Reverse Curl?
170,What grip should I use on the dumbbells during this exercise?
170,Are there any specific instructions for lifting the weights in the Reverse Curl?
170,What equipment do I need to perform the Reverse Curl?
171,What equipment do I need to perform the Banded Pull-Up?
171,Which muscle groups are activated when doing a Banded Pull-Up?
171,Can you describe the correct technique for the Banded Pull-Up?
171,What part of the body does the Banded Pull-Up primarily target?
171,Is the Banded Pull-Up considered a strength exercise?
172,What equipment do I need for the Cable Face Pull exercise?
172,Which muscle groups are activated during the Cable Face Pull?
172,Can you walk me through the steps involved in performing a Cable Face Pull?
172,What is the main focus of the Cable Face Pull in terms of movement type?
172,Which body part does the Cable Face Pull primarily target?
173,What is the proper starting position for the Turkish Get-Up exercise?
173,Which muscle groups are primarily engaged during the Turkish Get-Up?
173,What type of equipment do I need to perform the Turkish Get-Up?
173,Can you describe the movement involved in the Turkish Get-Up?
173,Is the Turkish Get-Up considered a strength exercise or a cardio exercise?
174,What is the primary type of exercise for Weighted Russian Twists?
174,Which piece of equipment is used for performing Weighted Russian Twists?
174,What body parts are primarily targeted by the Weighted Russian Twists exercise?
174,Can you describe the main movement involved in performing Weighted Russian Twists?
174,Which muscle groups are engaged during Weighted Russian Twists?
175,What is the primary body part targeted by the Cable Front Raise exercise?
175,Which muscle group is primarily activated during the Cable Front Raise?
175,What type of exercise is the Cable Front Raise classified as?
175,What equipment is required to perform the Cable Front Raise?
175,Can you describe the starting position for the Cable Front Raise exercise?
176,What is the Reverse Crunch exercise and how is it performed?
176,Which muscle groups are primarily activated during the Reverse Crunch?
176,Do I need any equipment to perform the Reverse Crunch?
176,What is the starting position for the Reverse Crunch?
176,Is the Reverse Crunch considered a strength exercise or a cardio exercise?
177,What equipment do I need to perform the Cable Tricep Kickback?
177,Which muscle group is primarily targeted by this exercise?
177,Can you explain how to set up the Cable Tricep Kickback on a cable machine?
177,What is the correct form for performing a Cable Tricep Kickback?
177,Is this exercise considered a push movement?
178,What is the Copenhagen Plank and how is it performed?
178,What muscle groups are targeted when doing the Copenhagen Plank?
178,Do I need any equipment to do the Copenhagen Plank?
178,What position should my legs be in during the Copenhagen Plank?
178,How long should I aim to hold the Copenhagen Plank?
179,What muscles are targeted during the Smith Machine Incline Press?
179,What is the starting position for performing this exercise?
179,What type of equipment do I need for the Smith Machine Incline Press?
179,How do I properly conduct the movement for this exercise?
179,Is the Smith Machine Incline Press more suitable for upper body strength training?
180,What is the correct form for performing a Cable Lat Pulldown?
180,Which muscle groups are primarily targeted with Cable Lat Pulldowns?
180,What equipment do I need to perform this exercise?
180,How should I grip the bar during the Cable Lat Pulldown?
180,What is the movement pattern for this exercise?
181,What equipment do I need to perform the Cable Side Lunge exercise?
181,Which muscle groups are primarily targeted during the Cable Side Lunge?
181,Can you explain the steps involved in doing a Cable Side Lunge?
181,Is the Cable Side Lunge considered a pushing or pulling exercise?
181,What part of the body does the Cable Side Lunge mainly work?
182,What is the primary muscle group targeted by the Dumbbell Bent-Over Row?
182,Do I need any special equipment for the Dumbbell Bent-Over Row?
182,Can you explain the proper stance for performing the Dumbbell Bent-Over Row?
182,Is the Dumbbell Bent-Over Row considered a push or pull exercise?
182,What body part does the Dumbbell Bent-Over Row primarily strengthen?
183,What is the main purpose of the lateral lunge exercise?
183,Which muscle groups are primarily worked during the lateral lunge?
183,What type of equipment do I need to perform a lateral lunge?
183,Can you explain the proper form for a lateral lunge?
183,What part of the body does the lateral lunge target specifically?
184,What are the primary muscle groups worked during the Seated Machine Row?
184,How should I position my feet while using the rowing machine?
184,Can you describe the movement involved in the Seated Machine Row?
184,Is this exercise primarily for the upper body or lower body?
184,What type of exercise is the Seated Machine Row classified as?
185,What are the primary muscle groups targeted by the Decline Russian Twist exercise?
185,What equipment do I need to perform the Decline Russian Twist?
185,Can you describe the proper body position for the Decline Russian Twist?
185,How do I perform the twisting motion during the Decline Russian Twist?
185,What is the type of activity classification for the Decline Russian Twist?
186,What muscles are primarily targeted by the Deadlift High Pull exercise?
186,What equipment do I need to perform a Deadlift High Pull?
186,Can you describe how to correctly execute a Deadlift High Pull?
186,Which body parts are engaged during the Deadlift High Pull?
186,Is the Deadlift High Pull considered a push or pull type of exercise?
187,What is the main muscle group targeted by the Reverse Grip Lat Pulldown exercise?
187,Which equipment do I need to perform the Reverse Grip Lat Pulldown?
187,Can you explain the correct posture for sitting at the lat pulldown machine during this exercise?
187,What type of movement is involved in the Reverse Grip Lat Pulldown?
187,How should I return the bar after pulling it down to my chest?
188,What equipment do I need for the Cable Lateral Lunge exercise?
188,Which muscle groups are primarily targeted during this exercise?
188,How should I position my body while performing the Cable Lateral Lunge?
188,What movement should I perform after stepping out into the side lunge?
188,Is the Cable Lateral Lunge considered a push or pull exercise?
189,What is the starting position for the Pike Push-Up exercise?
189,Which muscle groups are primarily activated during the Pike Push-Up?
189,How do I properly perform the lowering phase of the Pike Push-Up?
189,Is any equipment necessary for performing the Pike Push-Up?
189,What type of activity is the Pike Push-Up categorized as?
190,What is the primary equipment needed for the One-Arm Dumbbell Snatch exercise?
190,Which muscle groups are primarily activated during the One-Arm Dumbbell Snatch?
190,Can you describe the starting position for the One-Arm Dumbbell Snatch?
190,What type of physical activity does the One-Arm Dumbbell Snatch fall under?
190,What is the main motion involved in the One-Arm Dumbbell Snatch?
191,What equipment do I need to perform the Cable Front Squat?
191,Which body part is primarily targeted during the Cable Front Squat?
191,Can you explain the proper stance for this exercise?
191,What muscle groups are worked when doing the Cable Front Squat?
191,What is the correct way to hold the handle while performing this exercise?
192,What muscle groups does the Tire Flip exercise activate?
192,How should I position my body when preparing to flip the tire?
192,Can the Tire Flip be considered a full body workout?
192,What equipment do I need to perform the Tire Flip exercise?
192,Is the Tire Flip a pushing or pulling movement?
193,What muscles are primarily targeted by the Smith Machine Calf Raise exercise?
193,Can you explain the starting position for performing a Smith Machine Calf Raise?
193,What equipment do I need to perform the Smith Machine Calf Raise?
193,What is the movement involved in the Smith Machine Calf Raise exercise?
193,Is the Smith Machine Calf Raise classified as a strength exercise?
194,What is the correct starting position for the Pistol Squat to Box exercise?
194,Which muscle groups are primarily targeted by this exercise?
194,How do you perform the movement of lowering your hips onto the box?
194,Is any equipment needed to perform the Pistol Squat to Box?
194,What type of fitness does this exercise focus on?
195,What muscle groups does the Standing Chest Fly target?
195,What type of equipment is needed for the Standing Chest Fly exercise?
195,Can you describe the starting position for the Standing Chest Fly?
195,Is the Standing Chest Fly classified as a push or pull exercise?
195,What body part do I primarily engage when performing the Standing Chest Fly?
196,What type of exercise is the Sled Drag considered?
196,Which muscles are primarily activated while doing the Sled Drag?
196,How should I position the sled and myself during this exercise?
196,"Can the Sled Drag be performed on any surface, or does it require a specific type?"
196,Is the Sled Drag more focused on cardio or strength training?
197,What is the primary exercise for strengthening the biceps and forearms?
197,How should I be positioned when performing the Cable Hammer Curl?
197,What type of grip should I use while curling the handle?
197,Which type of machine do I need for the Cable Hammer Curl exercise?
197,What body part does this exercise primarily target?
198,What is the targeted muscle group when performing the Cable Tricep Overhead Extension?
198,What type of exercise is the Cable Tricep Overhead Extension classified as?
198,Can this exercise be performed without a cable machine?
198,What position should I be in while starting the Cable Tricep Overhead Extension?
198,What should I do after extending the handle overhead in this exercise?
199,What equipment do I need to perform the Seated Cable Row exercise?
199,Which muscles are primarily worked during the Seated Cable Row?
199,Can you explain the steps involved in executing the Seated Cable Row correctly?
199,Is the Seated Cable Row considered a strength training exercise?
199,What body part does the Seated Cable Row primarily target?
200,What is the primary muscle group activated during the Lying Dumbbell Tricep Extension?
200,What equipment do I need to perform the Lying Dumbbell Tricep Extension?
200,Could you describe the starting position for the Lying Dumbbell Tricep Extension?
200,Is the Lying Dumbbell Tricep Extension considered a push or pull exercise?
200,How should I position my body while performing the Lying Dumbbell Tricep Extension?
201,What equipment do I need to perform a Weighted Pull-Up?
201,Which muscles are primarily engaged during a Weighted Pull-Up?
201,Can you explain how to properly execute a Weighted Pull-Up?
201,"Is a Weighted Pull-Up suitable for beginners, or should I start with regular pull-ups?"
201,What are the benefits of including Weighted Pull-Ups in my strength training routine?
202,What muscles are primarily worked during the Incline Dumbbell Row?
202,What equipment do I need for performing the Incline Dumbbell Row?
202,Can you describe the starting position for the Incline Dumbbell Row?
202,What is the correct movement technique for the Incline Dumbbell Row?
202,Is this exercise effective for strengthening my upper body?
203,What is the primary muscle group targeted during the Machine Lat Pulldown?
203,Can you describe the correct seating position for performing this exercise?
203,How should I grip the bar when using the Machine Lat Pulldown?
203,What is the correct movement pattern for the Machine Lat Pulldown?
203,Is this exercise suitable for beginners?
204,What is the primary muscle group activated during the One-Arm Cable Row exercise?
204,Do I need any specific equipment to perform the One-Arm Cable Row?
204,Can you explain the proper stance for performing the One-Arm Cable Row?
204,What is the correct way to grip the handle during the One-Arm Cable Row?
204,Is the One-Arm Cable Row an effective exercise for building upper body strength?
205,What equipment do I need for the Face Pull exercise?
205,Which muscle groups are primarily worked during the Face Pull?
205,How do I properly perform the Face Pull exercise?
205,What part of the body does the Face Pull target?
205,Is the Face Pull considered a push or pull exercise?
206,What is the primary exercise for building upper body strength using dumbbells?
206,Which muscle groups are activated during the Dumbbell Bench Press?
206,Can you describe the proper setup for performing the Dumbbell Bench Press?
206,What type of equipment is required for the Dumbbell Bench Press?
206,Is the Dumbbell Bench Press considered a push exercise?
